ID_SUBMIT,AQI_
0,63.74098600423342
1,62.363351490090864
2,62.363351490090864
3,60.11994268763555
4,60.03165334069675
5,62.119014598983185
6,62.119014598983185
7,60.11994268763555
8,59.48033892348282
9,64.90243540007452
10,59.737310697358986
11,58.468564921697414
12,58.468564921697414
13,57.271082930905514
14,55.85863666601355
15,58.5100665586573
16,60.65655707144159
17,60.65655707144159
18,59.338723159989485
19,59.58306005109716
20,59.58306005109716
21,58.46532343768593
22,55.06207244022391
23,55.769778586854294
24,55.271438130196046
25,55.271438130196046
26,53.18349588937988
27,54.57639698488675
28,54.15696660768658
29,54.10108189304789
30,54.22611532312792
31,53.12234005019205
32,80.48776191408241
33,89.73248324558642
34,88.38041983997499
35,92.92657512699498
36,94.71781616909686
37,94.39099895700254
38,103.59885743783124
39,101.73828204933692
40,101.53669490169024
41,94.71194731862222
42,91.11730144173403
43,82.11083486291687
44,79.57823868750116
45,89.3289534391446
46,91.22742489177908
47,92.8682536480305
48,98.56432792200869
49,101.57137698778527
50,100.84630904913179
51,102.08869546057943
52,103.96209377242737
53,101.86560848710053
54,101.83559148432323
55,100.8770625686341
56,129.7954349285178
57,130.22344996811768
58,125.38155882282909
59,116.43185870067829
60,123.8832004891463
61,124.53991725515088
62,97.34071016887687
63,96.91530154001809
64,101.44560910632217
65,102.0131253444484
66,94.20896569204889
67,59.9943190272624
68,58.64325280347683
69,59.47875134520223
70,63.25128012696421
71,60.75351778212874
72,63.271365367243384
73,63.06878765458661
74,60.380906146482126
75,60.101226413646856
76,58.015483012172034
77,60.13114263944418
78,58.487219615569565
79,56.74071657524549
80,67.1471272892651
81,59.5572165478729
82,73.37034554546545
83,75.24062597148112
84,61.27926694809501
85,60.2868734067709
86,57.65029183815241
87,58.36485665184891
88,61.93688563103535
89,75.187662414298
90,70.45210540144417
91,75.24376605471934
92,78.41342583466316
93,79.90248512691718
94,68.85922878367936
95,51.76833367389693
96,55.120218186402234
97,55.70531969836139
98,56.76312856149888
99,57.00667309690649
100,55.46715822060687
101,57.53439509507277
102,57.74936487253618
103,57.37805418004704
104,57.37805418004704
105,59.33117424091484
106,58.80418240120253
107,59.17090577085506
108,59.17090577085506
109,58.90924919822822
110,58.93613044925375
111,58.93613044925375
112,59.19778702188059
113,59.19778702188059
114,59.433355106300496
115,60.0115098484203
116,59.29316018544191
117,58.270114260461746
118,56.528151057769435
119,59.40684556299518
120,57.43216348456022
121,54.23805459053668
122,53.092341197736985
123,59.770572031059416
124,63.49867019501295
125,59.24402342217258
126,63.43922028531249
127,65.29438986323325
128,73.63650740333188
129,65.33225480995647
130,63.17998949237205
131,61.72114403803492
132,64.23887371498537
133,64.92177026094436
134,63.2302393748542
135,63.90851139442624
136,63.522885047351465
137,59.90755238241353
138,61.812568058352795
139,63.15720634932213
140,60.471143507475276
141,63.14756805473663
142,64.29597983910865
143,61.115054296669484
144,60.29675615886509
145,62.54924867187871
146,53.06212959137929
147,48.12883739738984
148,49.62351234094587
149,58.37878158490373
150,54.300550938551915
151,58.505981406364775
152,60.0984965446062
153,53.87072953427238
154,47.63710349784187
155,47.21175832770002
156,78.06635487325342
157,60.11141027174056
158,62.23228243069275
159,56.95133895272373
160,59.29427801450656
161,58.31035303378839
162,67.93313359990805
163,74.71269646627364
164,60.40662527029445
165,71.40667159055681
166,90.73454924345548
167,90.73454924345548
168,130.78820955508817
169,130.78820955508817
170,101.80905731218772
171,100.79120575415855
172,113.33776185296553
173,109.85939683874128
174,112.43586380746845
175,113.56762338499176
176,106.85317853733049
177,114.99485821938453
178,115.11221053600136
179,112.20470831618809
180,103.58641788555065
181,103.19191041916962
182,118.57972613022858
183,119.66875243840039
184,121.82263786858604
185,144.1260387839442
186,134.9479117381985
187,134.9479117381985
188,96.4632190185437
189,110.56752496813121
190,101.64544373839362
191,104.89349273726258
192,100.7432186791166
193,112.82417750641316
194,113.09679178361188
195,95.84947971950754
196,107.79672547640992
197,106.46196264235908
198,121.56882485026348
199,95.59093309632459
200,102.83490071914862
201,103.66347418186085
202,101.3592139095368
203,114.41199337439241
204,118.75664198262886
205,131.60739564394913
206,131.60739564394913
207,99.7197763328269
208,89.55506223873371
209,84.52057633628549
210,112.17091922032175
211,102.42173129487207
212,91.57583223741798
213,117.67323384303317
214,100.04525045817756
215,98.54748114914807
216,101.73416611594435
217,101.73007047924271
218,104.81145893957894
219,96.85218717589932
220,99.1040948268721
221,106.22340791288654
222,100.39470083218161
223,100.39470083218161
224,111.8480849867499
225,110.58842391837156
226,107.93700976838738
227,110.9291254408755
228,121.84510024268002
229,115.1775306730397
230,132.4134184746309
231,110.52066230812036
232,97.63282577056131
233,90.72077297739303
234,109.98208672821497
235,107.96727878874178
236,93.35271952619505
237,129.3188288506997
238,90.31674956371644
239,100.64462555087964
240,108.33510854017543
241,108.83339955870306
242,121.43549276151404
243,115.65709030040993
244,113.05626706524113
245,110.09867752436882
246,107.99098733686043
247,102.5475809003197
248,100.52257723754741
249,118.50139638568282
250,122.78761993809145
251,119.76558587271457
252,118.68441075407861
253,125.49761839077031
254,119.94872572752739
255,99.24439059191036
256,84.60907183419613
257,84.60907183419613
258,84.60907183419613
259,84.60907183419613
260,84.60907183419613
261,84.60907183419613
262,84.55099297748333
263,84.55099297748333
264,84.55099297748333
265,84.55099297748333
266,84.55099297748333
267,84.55099297748333
268,93.60451187108511
269,103.53141765214666
270,102.54864637811252
271,102.54864637811252
272,102.09337604398596
273,95.90301261123405
274,106.96669807563684
275,85.33832488423943
276,85.33832488423943
277,102.37969324885086
278,108.68848747532434
279,120.29812691327211
280,97.63425447338707
281,100.76379904102036
282,100.76379904102036
283,94.19442729727892
284,95.07248316054137
285,112.3720369217111
286,112.5398987657121
287,92.72099154118061
288,102.31850337862743
289,88.65370280357246
290,88.92248274371576
291,99.12675264201408
292,97.98103534522652
293,97.98103534522652
294,99.12675264201408
295,103.05886678441783
296,103.05886678441783
297,101.91521407206486
298,103.5260824645343
299,119.02194624067913
300,121.17007824915096
301,121.80352582307535
302,121.00644219244823
303,121.70475601706482
304,121.5569314922188
305,121.5569314922188
306,123.13779514420041
307,123.13779514420041
308,111.53501680900506
309,94.78471172153144
310,94.78471172153144
311,97.43599896281918
312,86.81239373801859
313,105.67980108501123
314,102.82326768361348
315,91.79433976561292
316,106.10086480806196
317,95.9637785800124
318,95.9637785800124
319,96.17748222014198
320,98.0362286519569
321,104.76585975711434
322,104.76585975711434
323,105.33444979460863
324,106.03416758266327
325,106.03416758266327
326,112.1218017223085
327,108.65070407746882
328,108.65070407746882
329,112.27384543009343
330,109.15660510247142
331,101.35487097870785
332,107.30420955458072
333,130.49481892450316
334,114.55323458410805
335,124.46394884245228
336,124.01030220539147
337,119.0876364120818
338,110.89883546846606
339,92.18957276885845
340,84.12904983746874
341,87.92842545111033
342,88.12789791380041
343,99.37337895429586
344,105.33997283358242
345,102.46023155500791
346,102.46023155500791
347,104.65273292813026
348,103.38408628039987
349,106.77274939786066
350,106.77274939786066
351,71.61455931853212
352,70.64586145700395
353,67.83349108869042
354,66.68354774940285
355,66.68354774940285
356,66.89292846446587
357,66.89292846446587
358,67.28423434894816
359,67.28423434894816
360,69.42047053227208
361,66.30774731229144
362,66.30774731229144
363,65.4294966593063
364,64.94635393899055
365,64.94635393899055
366,68.09096711152789
367,69.31412854021946
368,69.31412854021946
369,69.27904029189203
370,68.82078695326196
371,68.82078695326196
372,64.45704331683002
373,61.98239289234805
374,64.22242526947986
375,64.94635393899055
376,64.94635393899055
377,64.30544944527215
378,63.700518931658486
379,63.344739230258746
380,64.4902466455537
381,63.334740611082005
382,64.24179644608087
383,79.21324414687975
384,83.56529768141806
385,83.66380103605405
386,83.7791863241309
387,85.98734755464865
388,85.31111162457181
389,94.81763957710322
390,91.87064943706372
391,91.4246147152088
392,85.40445286863522
393,84.46044218299535
394,77.69848870757546
395,77.31047384252196
396,86.51254331648482
397,91.34139858188081
398,84.82840021386913
399,91.65171123372242
400,93.59136894544189
401,90.444906038797
402,91.6748744023361
403,99.74711030412466
404,96.11284712543574
405,98.6333629319352
406,103.7658921689157
407,112.96329709495728
408,121.4534707049048
409,119.96466998724907
410,111.21212738671763
411,125.02857971809327
412,115.14495542136233
413,106.86750314157804
414,97.49054905409504
415,95.77029575695379
416,95.17998830642216
417,85.07236323921784
418,69.76680040832886
419,69.76680040832886
420,69.76680040832886
421,75.31914276068443
422,68.73282943785341
423,64.11337142888235
424,64.11337142888235
425,64.28647385415975
426,63.25250288368429
427,62.90240592010727
428,63.25250288368429
429,63.25250288368429
430,64.28647385415975
431,73.80715304228889
432,71.09180057973713
433,84.08759435535168
434,95.47021669067291
435,72.44163491315774
436,71.62506238015978
437,65.90382275566463
438,60.70312180768814
439,61.91054910026117
440,70.68239372676628
441,68.63514687110806
442,73.46724879609276
443,70.04498476297557
444,75.74415902825422
445,74.87490350695025
446,73.28718244795735
447,68.20014903883835
448,69.72665946799818
449,63.996089218106725
450,64.17508392010424
451,63.25250288368429
452,63.25250288368429
453,63.25250288368429
454,63.25250288368429
455,66.25391971924165
456,64.42215259686495
457,64.28647385415975
458,63.25250288368429
459,64.28647385415975
460,64.28647385415975
461,63.25250288368429
462,63.00769102284221
463,63.57031259260442
464,63.70599133530961
465,63.857899934860434
466,64.23839053840771
467,64.23839053840771
468,64.23839053840771
469,65.30066656162757
470,64.84892389831687
471,70.77409813500341
472,70.77409813500341
473,69.31903024450183
474,74.4720285096289
475,75.42759038536559
476,80.47678081180409
477,80.1124910360202
478,80.1124910360202
479,83.28588801910364
480,80.29625309447744
481,79.67077213666057
482,79.87534932212533
483,75.42759038536559
484,75.24871995536586
485,75.105830858401
486,75.105830858401
487,74.8587621816403
488,76.20487066657277
489,75.42261699452528
490,75.1821789959318
491,74.81788922014792
492,72.62151615153857
493,72.74162521080453
494,71.14549381865632
495,66.91877395004344
496,73.96304206928167
497,63.654566638880475
498,56.14706085804628
499,59.77097222848209
500,74.54612199154815
501,70.73720458887479
502,72.05520461265385
503,73.35171261890021
504,75.35413573517633
505,64.81595699636827
506,61.502993147601074
507,84.78368080219263
508,72.9887284447238
509,67.30282811422228
510,73.55828490168203
511,65.11618934003785
512,62.24652786270917
513,71.63680607661401
514,72.37318725696267
515,66.52487219710007
516,76.52262765799928
517,79.57119566711206
518,79.57119566711206
519,137.95779442831335
520,137.95779442831335
521,95.3898383511403
522,97.55474983417912
523,108.74355662949179
524,107.4190891377104
525,110.12729382209322
526,110.65234522910843
527,106.0001470429806
528,117.00010162737904
529,109.25787885508893
530,109.25787885508893
531,110.99617257803517
532,98.85620562904485
533,102.27672581950351
534,110.6325602767375
535,114.33692876699395
536,116.0988792723357
537,129.71976412178537
538,129.64212701029788
539,129.64212701029788
540,106.0804678404786
541,101.7972214860222
542,99.51374946884712
543,99.22797223970282
544,91.47583323225702
545,97.70822190496827
546,96.41850508971332
547,92.23682807997137
548,101.93404062243602
549,99.14762761444015
550,107.6628426248404
551,90.85148018815967
552,93.69465214305887
553,95.34012882047175
554,92.37123681176192
555,105.5159452020722
556,104.20508387205173
557,105.91400290077164
558,105.91400290077164
559,91.09714518911323
560,90.4671517997655
561,83.2837643172884
562,90.3296865218809
563,89.38861655468413
564,93.47715842606702
565,106.05594388816695
566,94.43998637166904
567,94.07766319218557
568,103.26393378843603
569,103.49257927749277
570,97.84882953343438
571,100.19914663337404
572,95.84902830606164
573,101.83404812665118
574,101.48253417652565
575,101.48253417652565
576,107.1681418492016
577,105.50806449339639
578,103.57901932120924
579,107.12827330448198
580,112.2772464733704
581,115.05245054753883
582,107.67666519323603
583,96.08346333438755
584,96.08346333438755
585,93.08862394852198
586,94.5197856322272
587,95.9376523736146
588,102.57978642157829
589,101.78614793976936
590,139.1517697784658
591,97.8138311111875
592,99.5165451673778
593,102.38105602877584
594,119.803506442099
595,127.99458881185858
596,105.89351308562375
597,105.74286769346891
598,94.76169269155183
599,106.58194191126789
600,96.48371931780407
601,94.37275392285859
602,105.50659810215906
603,107.96592917488418
604,112.60846739159089
605,105.56279448317667
606,115.72394331328684
607,111.59719613723462
608,100.72249963087683
609,97.60546679597036
610,97.60546679597036
611,97.60546679597036
612,97.60546679597036
613,98.4335804873024
614,98.79685632302437
615,99.26977696335472
616,99.26977696335472
617,99.26977696335472
618,99.26977696335472
619,99.26977696335472
620,99.26977696335472
621,92.4777114156037
622,95.08843099861002
623,93.19488787603059
624,88.44046728166245
625,88.28011783339745
626,92.90230966843946
627,89.611040424454
628,93.18387802370275
629,97.52195792470006
630,102.06564047644963
631,102.7737452348373
632,98.06748726683279
633,100.57411807645343
634,100.57411807645343
635,96.59070647558887
636,92.99672257320042
637,105.07224383577267
638,105.07224383577267
639,87.75179967905417
640,92.85243571884003
641,95.72628170756708
642,98.123125701087
643,94.69241771669749
644,95.39422449912321
645,95.39422449912321
646,94.69168144611935
647,95.1944607685473
648,90.35548058436105
649,89.19871542318067
650,94.25486198195917
651,109.03197760286768
652,109.67579432265241
653,107.71445419805885
654,110.49572209309778
655,113.62612346253633
656,109.9451431262203
657,111.14486061117844
658,111.14486061117844
659,113.06732054270846
660,105.02161075054686
661,106.89622240606782
662,106.89622240606782
663,103.44443241851499
664,97.53688838934663
665,102.75722174732185
666,105.88509420877223
667,102.22804394125666
668,103.34937013521537
669,103.34937013521537
670,100.94476702760132
671,103.36921833796823
672,103.36921833796823
673,101.29670595079784
674,99.3960616743689
675,99.3960616743689
676,99.3348789532488
677,102.26735581300056
678,102.26735581300056
679,101.44286515360167
680,107.89669603373821
681,107.89669603373821
682,103.43903299198648
683,103.43903299198648
684,101.64588890458458
685,103.81344931599476
686,106.06681350060254
687,106.54637182783638
688,116.05134464385544
689,115.47678972741295
690,113.37122177341477
691,103.83058888787852
692,103.34040595213294
693,91.97899683446894
694,97.71524908601268
695,97.14828452658638
696,97.14828452658638
697,100.07631317669015
698,99.78196890233495
699,101.67325739936076
700,101.67325739936076
701,101.49109099188675
702,89.61839967328478
703,90.20941426622305
704,90.20941426622305
705,68.5480695414653
706,68.5480695414653
707,67.32457847413127
708,67.07564241073739
709,67.07564241073739
710,67.07564241073739
711,67.07564241073739
712,70.15499090306939
713,70.9779224909551
714,65.88937012132237
715,68.72381120192641
716,71.32389998898527
717,71.32389998898527
718,67.29172471746189
719,69.98163304776546
720,69.42007246516722
721,70.59823701840445
722,70.59823701840445
723,71.05281755140375
724,68.9538322263451
725,68.9538322263451
726,67.38367141756208
727,65.26852319934605
728,69.21193925832196
729,67.96327545202317
730,70.16824197370309
731,67.57255425721166
732,67.83356575458939
733,67.1421224262537
734,67.4216631448347
735,67.12168173187844
736,66.58241382114446
737,80.12779432313059
738,86.77068251402575
739,82.64365405681885
740,84.98191333797287
741,86.86219451138606
742,87.16713943366152
743,92.56763264391982
744,88.6887975469753
745,89.18019920222923
746,87.95670813489521
747,84.7712130782414
748,75.3612881342792
749,73.78994432996937
750,82.80015222997086
751,91.14756499953425
752,85.2633161711327
753,86.06238305363611
754,91.50792542719633
755,85.81772878355848
756,86.06238305363611
757,89.89274473787364
758,90.05848964854874
759,88.69562858760195
760,93.99999280286988
761,116.61856431524009
762,124.70558506097335
763,120.68573497357019
764,119.5382121854206
765,124.44187641083025
766,118.74238526953214
767,93.47292440875707
768,91.97563888153475
769,86.90417419676835
770,87.6714750848444
771,76.76672963797867
772,67.18306640198442
773,67.82549440734277
774,67.35939304886905
775,66.36013481409871
776,66.36013481409871
777,61.9085086369198
778,62.309068116368124
779,62.666975333306254
780,62.666975333306254
781,62.031695570354515
782,62.666975333306254
783,62.666975333306254
784,62.24154153525506
785,69.8927865161935
786,66.97499141763825
787,71.69651400811352
788,98.76968568491553
789,65.44492992577123
790,66.36357051736941
791,63.96253435563735
792,67.07053628665498
793,67.07053628665498
794,73.8459618230939
795,67.1101219196126
796,66.1328321493432
797,65.3284405859731
798,66.82967910759888
799,65.50600860589996
800,68.8490912128903
801,69.03100187887432
802,66.44015680689125
803,63.18230180113377
804,63.823796958290664
805,63.13212555553951
806,63.13212555553951
807,63.13212555553951
808,62.666024197065795
809,64.16776913069944
810,62.87662563096668
811,62.24154153525506
812,63.13212555553951
813,63.13212555553951
814,62.70669175748833
815,62.70669175748833
816,62.70669175748833
817,63.13212555553951
818,63.13212555553951
819,69.90435701868005
820,69.90435701868005
821,63.13212555553951
822,69.3446750233731
823,61.9866259441555
824,61.91790847290041
825,62.117543081985424
826,61.44726330681024
827,58.333460257931215
828,69.27175059517972
829,69.73946201866339
830,68.92885706649419
831,70.89978536100132
832,71.5225633406604
833,71.91629519112419
834,73.12829139028943
835,71.30034484044964
836,72.44802582096169
837,71.5225633406604
838,72.26258168860785
839,72.26258168860785
840,72.26258168860785
841,72.26258168860785
842,71.50789978974056
843,72.01679585901447
844,70.99769238786774
845,71.05741311842714
846,70.29533372087752
847,68.98776933523446
848,64.10677778649446
849,61.002871379118375
850,68.60129043851714
851,58.995053703849486
852,56.26185042529242
853,56.37907132969058
854,68.64456651613463
855,60.29414590603841
856,68.70160377118684
857,70.30601246223668
858,63.31320814102686
859,62.53060927579627
860,60.92306231116949
861,68.53113421838829
862,68.76659801999594
863,65.46168780999146
864,68.92367354932054
865,67.09772088569981
866,64.13113132628732
867,66.96533085137469
868,66.40885419820339
869,63.49381383768489
870,67.99998968755739
871,75.78170206542092
872,75.78170206542092
873,108.08363929136962
874,108.08363929136962
875,98.32675010541979
876,98.29074515184712
877,101.65446339051638
878,100.53477909691745
879,100.851163430457
880,99.83982041744784
881,96.26687024650019
882,99.03481572375641
883,98.42442130285677
884,99.83752350656162
885,102.36765401888422
886,95.7565727110347
887,111.90689773388141
888,102.40775118936124
889,105.26943423536798
890,105.2170691056543
891,117.57633610923881
892,90.09134287705139
893,94.83966831146603
894,91.4026786498641
895,92.87755716213441
896,91.35938322008292
897,93.33976261958266
898,92.47949751858043
899,85.09974652225287
900,84.85255264187202
901,83.40840789732282
902,88.08818565155626
903,85.76386758528244
904,90.00292830052109
905,94.1842662570669
906,86.77675942290666
907,97.36863095072376
908,103.63228896631134
909,104.12585680813825
910,104.12585680813825
911,92.30117698690653
912,87.56447519013447
913,90.71785958029588
914,94.67939703354389
915,96.39322504597939
916,96.8498110792153
917,101.2843362463917
918,97.38799373149675
919,97.26826096037453
920,100.45533164361294
921,100.43610997461467
922,96.1233958336231
923,98.4630997405152
924,99.38077701700014
925,96.9549556337876
926,96.30793148079738
927,96.30793148079738
928,98.80434220675002
929,98.31243350899503
930,93.8742933429157
931,97.62403390222394
932,99.7446986608792
933,98.36259186722158
934,102.64681338583458
935,101.46430565517333
936,101.46430565517333
937,97.91092479423138
938,95.56835726390146
939,96.04363715571534
940,99.93515692692432
941,100.45956533934576
942,119.69478790299785
943,105.26473633636152
944,98.29165038553167
945,97.69523193915576
946,106.84438584701562
947,101.7679332978127
948,102.40933858237838
949,97.64491274807641
950,98.43459990412954
951,101.62994455268245
952,100.03113664194946
953,100.8471644934388
954,103.95355039585183
955,104.26083737571777
956,141.5783984217637
957,135.37278435043018
958,136.9920337608447
959,125.50996713309246
960,101.93558816171918
961,99.51474665701693
962,99.51474665701693
963,99.51474665701693
964,99.51474665701693
965,99.51474665701693
966,99.51474665701693
967,99.51474665701693
968,99.51474665701693
969,99.51474665701693
970,99.51474665701693
971,99.51474665701693
972,99.51474665701693
973,102.36817491837432
974,131.19399789906785
975,105.90767452713978
976,105.90767452713978
977,105.51688088846753
978,105.12856072949573
979,93.26374788678326
980,102.73735409862773
981,105.40672556604278
982,97.0960693294468
983,98.87150737873783
984,138.31730809483537
985,121.841598818869
986,118.5581313422031
987,118.5581313422031
988,113.74099236583804
989,113.84477265588839
990,125.9708064104219
991,125.9708064104219
992,107.05549852600961
993,118.84888631023811
994,112.9217752279379
995,123.12207314420276
996,124.52800818396643
997,127.69158630260452
998,127.69158630260452
999,130.40263040492235
1000,131.70963437200862
1001,128.6261587948589
1002,134.44015093935076
1003,138.5602416644361
1004,132.9889174367438
1005,132.10837852183687
1006,134.0329689312233
1007,138.37334755256194
1008,139.66150313790823
1009,133.35933047106897
1010,126.91422185072885
1011,126.91422185072885
1012,120.24935506563457
1013,115.48523173917265
1014,111.60070789070937
1015,96.53978612698108
1016,102.08594594683615
1017,98.8613638366016
1018,89.55756495942319
1019,101.03574166081566
1020,88.11747190486975
1021,91.41205942020765
1022,91.41205942020765
1023,96.22250776557698
1024,102.77851123708044
1025,109.30083711177951
1026,98.17233379336596
1027,98.17233379336596
1028,97.0648951963134
1029,97.0648951963134
1030,97.0648951963134
1031,96.91040128362103
1032,96.91040128362103
1033,97.22655859774244
1034,99.55588063245902
1035,110.32241245522725
1036,108.95572754386419
1037,131.91720614141536
1038,129.89197191426499
1039,127.60502419379262
1040,120.829927790293
1041,98.79862045225745
1042,92.47092616856605
1043,93.19101329819955
1044,94.04610995194068
1045,94.04610995194068
1046,94.7211346414509
1047,108.81086277145559
1048,112.12657241287788
1049,121.4057741397639
1050,125.16827852422773
1051,130.46469079729744
1052,130.46469079729744
1053,62.75481337536668
1054,62.37329486855406
1055,60.06630351177208
1056,60.37546417993288
1057,61.24437126282474
1058,61.24437126282474
1059,61.24437126282474
1060,59.8191328594932
1061,60.848862741525906
1062,58.72249728281686
1063,68.19162462828211
1064,62.50105459421097
1065,62.50105459421097
1066,60.44080504948914
1067,62.172937359491016
1068,64.5048853278074
1069,64.81404599596819
1070,64.5048853278074
1071,62.20462889374647
1072,61.38030240118465
1073,61.38030240118465
1074,61.43012495964554
1075,59.6715816883161
1076,63.04429143417648
1077,62.04255240643475
1078,61.61052013688976
1079,62.521256466218716
1080,62.526987614505174
1081,60.871409601686885
1082,60.871409601686885
1083,62.93853770558697
1084,62.69229328730037
1085,74.62091642277026
1086,75.12695561640314
1087,74.41803979514506
1088,76.41872495790199
1089,76.79647574019167
1090,77.2840893294662
1091,77.98126284107288
1092,77.91074006410481
1093,76.91111637426766
1094,75.42439643420342
1095,75.25852317904136
1096,64.55239744406126
1097,64.41204897906714
1098,75.45538174574816
1099,78.16711002999034
1100,75.07119289210706
1101,78.80673676808091
1102,80.75263363907753
1103,81.13273353203199
1104,81.13273353203199
1105,78.13370115654538
1106,78.68067087699754
1107,81.04863383332155
1108,85.12336959605783
1109,97.84181232132103
1110,104.9022828520207
1111,103.88301742363431
1112,102.71503770384606
1113,105.26768164828101
1114,97.24651615462237
1115,85.59785927394361
1116,80.62144574373048
1117,77.97561304826249
1118,77.69018066549657
1119,70.89367060158183
1120,58.21605198447379
1121,56.29022783257608
1122,54.90436580364445
1123,57.6902433916885
1124,58.20575756827573
1125,51.024980007230276
1126,56.73422145993412
1127,50.58624988493087
1128,54.789516313327994
1129,55.63183439484665
1130,55.63183439484665
1131,55.456559854937026
1132,55.14739918677623
1133,61.17960244369776
1134,55.860196860742555
1135,63.13760489321876
1136,75.1351442262905
1137,56.01227401372851
1138,56.819310618020026
1139,55.95437827276362
1140,59.15517835313347
1141,59.45024413099424
1142,63.87351564199387
1143,58.112891831599306
1144,61.682801184795956
1145,58.71985708699967
1146,61.361829452547106
1147,64.11665342703253
1148,54.041377678536584
1149,53.03874951509261
1150,49.88797537930396
1151,48.26797343299598
1152,50.84155364231223
1153,48.26166969695915
1154,48.26166969695915
1155,47.927007191383076
1156,48.28489006483131
1157,51.010345047450876
1158,50.78777724961193
1159,53.47301887892804
1160,49.532990075612865
1161,49.5880589308794
1162,50.34330150584184
1163,50.34330150584184
1164,50.34330150584184
1165,48.51576150985342
1166,48.51576150985342
1167,49.160115866800524
1168,48.850955198639724
1169,51.19950036564519
1170,51.328340546005066
1171,54.62590275925764
1172,59.59337616084034
1173,67.2764145863711
1174,60.40144352869119
1175,58.31320244829722
1176,58.933827981476476
1177,58.933827981476476
1178,59.464687993199114
1179,59.449342158063715
1180,59.3180300756433
1181,64.73533954851578
1182,62.94705682037376
1183,62.313751778954874
1184,61.93223327214227
1185,58.80251589905606
1186,63.26437866763745
1187,63.6222615410857
1188,63.75231659538834
1189,63.43499474812465
1190,65.65857632660601
1191,68.94515971385658
1192,64.96050577515368
1193,60.76630845901546
1194,60.008702973646955
1195,59.90696542647318
1196,61.54573273702653
1197,56.45642953759323
1198,58.772647036638325
1199,69.0658496597854
1200,60.037299773749226
1201,62.59657175611272
1202,64.74538991292971
1203,64.25730481334337
1204,64.82677301379358
1205,62.92831649444653
1206,62.91481163428605
1207,63.213664312851435
1208,60.7899509299553
1209,64.95306860141149
1210,58.86422831646325
1211,67.63209212927558
1212,67.66238031700357
1213,67.47785427730548
1214,56.902869727190115
1215,61.70752474823268
1216,59.42348836854868
1217,56.680642563856
1218,59.742581668095326
1219,87.81496123672099
1220,87.81496123672099
1221,132.9582405319925
1222,132.9582405319925
1223,114.04001533098756
1224,113.18074294911659
1225,116.78926787595717
1226,106.636724512539
1227,105.70613712182113
1228,111.4134983672869
1229,105.82856241468019
1230,107.83530467073548
1231,113.27852133200895
1232,113.27852133200895
1233,114.81579715662569
1234,117.5863305730197
1235,104.79990752139554
1236,119.76768552232997
1237,123.7811460865292
1238,124.27791267193503
1239,135.8339503939523
1240,130.77102589429353
1241,130.77102589429353
1242,108.9079853955399
1243,105.04251811645918
1244,113.01132445313918
1245,113.98448615620657
1246,114.44071107724857
1247,114.75812690815349
1248,114.5209653378518
1249,104.37904079661898
1250,108.09438883491995
1251,111.13107492373155
1252,105.11533130821607
1253,105.80574623771747
1254,104.04058267890674
1255,106.4719688974586
1256,101.61008567505705
1257,108.38044243088781
1258,124.47527125367385
1259,117.1104751834139
1260,117.1104751834139
1261,110.13621636922758
1262,100.4655584888171
1263,90.47861577352286
1264,127.37344009699711
1265,118.06684467535551
1266,115.28611638735501
1267,122.54901058530236
1268,92.0185528950603
1269,90.32452865654584
1270,108.28121637229232
1271,106.85914625542615
1272,109.1378532650068
1273,110.69492361815716
1274,115.13682705734746
1275,115.77968532692707
1276,115.40936594543835
1277,115.40936594543835
1278,124.04644906318973
1279,116.23322404353443
1280,100.79454608771546
1281,107.42331200364586
1282,115.97696094445057
1283,122.57427928887795
1284,128.92404379779094
1285,124.59345417548896
1286,124.59345417548896
1287,100.05048507521475
1288,88.12983035488101
1289,106.06238357277657
1290,131.69160089659024
1291,103.99094649992041
1292,169.67235374580767
1293,96.78762281795584
1294,104.14815267814963
1295,122.74356690077022
1296,124.51891359284468
1297,113.4806664703145
1298,105.30622199053452
1299,111.67959454292188
1300,105.44649155507261
1301,109.75037456787807
1302,111.56308580488302
1303,109.82094114445512
1304,116.40998966430355
1305,114.99505750219352
1306,111.75030991298111
1307,110.72484182295663
1308,121.87645249131596
1309,119.28642021088514
1310,111.81015276975849
1311,91.00312323293339
1312,91.00312323293339
1313,91.00312323293339
1314,91.00312323293339
1315,91.00312323293339
1316,91.00312323293339
1317,91.00312323293339
1318,91.00312323293339
1319,91.00312323293339
1320,91.00312323293339
1321,91.00312323293339
1322,91.00312323293339
1323,88.2424491359645
1324,91.54909774360331
1325,91.54909774360331
1326,91.54909774360331
1327,87.44447587230687
1328,86.88273502351876
1329,90.3583140545756
1330,89.30256399209831
1331,92.11217032719601
1332,90.79080397856039
1333,95.01787852196362
1334,93.44359847446283
1335,94.74314066779105
1336,95.97829078104598
1337,95.97829078104598
1338,89.0434234638429
1339,87.50854179458668
1340,99.53880684577265
1341,99.53880684577265
1342,91.25210643458202
1343,87.866550816884
1344,91.9810334700247
1345,91.5918811862481
1346,92.76319210118697
1347,93.97808735971034
1348,93.97808735971034
1349,92.44941402078041
1350,92.44941402078041
1351,92.44941402078041
1352,92.44941402078041
1353,96.78769369480807
1354,114.90318050652097
1355,113.65654369141707
1356,120.87543137579269
1357,119.35850286980902
1358,113.12533303584274
1359,115.05486896186108
1360,121.27947440818937
1361,121.27947440818937
1362,118.1200844577202
1363,106.12436777099899
1364,96.19878844827768
1365,96.19878844827768
1366,97.9405747393766
1367,91.75307130303429
1368,115.30806534729128
1369,113.95758430825734
1370,97.60522083721273
1371,101.82402451220968
1372,81.75625740103007
1373,103.67686442806125
1374,103.67686442806125
1375,119.40933215817188
1376,116.27647151024618
1377,116.27647151024618
1378,112.14723050127505
1379,116.57343070702909
1380,116.57343070702909
1381,112.19321770681283
1382,109.9533124757579
1383,112.45284042765768
1384,112.72943070745477
1385,111.13783101200464
1386,113.780573115083
1387,120.92262454093856
1388,120.92262454093856
1389,123.0913119614179
1390,123.48530233914929
1391,121.67178328383689
1392,99.85641007622112
1393,86.25827410485866
1394,82.84716626639248
1395,77.62396676920604
1396,92.24486953732436
1397,91.92638279972472
1398,91.92638279972472
1399,96.75089102700453
1400,110.57387007677218
1401,94.66929007455646
1402,94.66929007455646
1403,95.33446955997181
1404,92.90614882228353
1405,94.87247330739181
1406,94.87247330739181
1407,57.1817638302245
1408,56.839514164158665
1409,56.839514164158665
1410,57.40300131052567
1411,56.58459715937535
1412,56.839514164158665
1413,56.13640188751969
1414,56.13640188751969
1415,58.016419213892284
1416,57.97855532196671
1417,55.24679093602594
1418,54.42589354575728
1419,54.42589354575728
1420,54.13531816665218
1421,51.85905973829853
1422,55.60210518056842
1423,56.988372344508704
1424,56.988372344508704
1425,54.111080048802165
1426,54.81419232544114
1427,54.81419232544114
1428,54.604300853614866
1429,49.292066934443795
1430,52.95215863574577
1431,52.97464657886913
1432,51.71109412506373
1433,51.017641929218094
1434,51.61278372370132
1435,51.047167310044436
1436,51.02467936692108
1437,51.523958771087706
1438,51.16289786049363
1439,77.06714265849116
1440,78.04503540819627
1441,77.32067826570554
1442,80.1776833338738
1443,81.40738315572044
1444,80.75496490921832
1445,83.33192204816386
1446,81.53317685063558
1447,82.95997439745707
1448,82.5317208468455
1449,81.92997260593704
1450,72.18172519654145
1451,65.09310893201136
1452,75.98126196894233
1453,77.8482218195275
1454,81.43130758864773
1455,75.8946488807185
1456,76.46263292675876
1457,76.03611849337453
1458,82.56246042728013
1459,90.89298439845271
1460,84.47195873858793
1461,85.93163187285256
1462,86.57540140738222
1463,118.35704818433774
1464,120.87182864191499
1465,120.01018255281345
1466,110.36470836681333
1467,117.99046005563115
1468,115.8247153745113
1469,90.07793617578916
1470,90.19873452027494
1471,89.98980198784909
1472,88.76895585076531
1473,77.27480357524392
1474,54.378386198069705
1475,53.83640961246074
1476,55.05023049981909
1477,66.71047103470966
1478,56.78849903220814
1479,53.23558014705056
1480,54.498678073237514
1481,50.67879502133798
1482,50.59483614969443
1483,51.56166326218114
1484,50.634443555459704
1485,50.73427332619058
1486,50.40118123926691
1487,60.333278968619055
1488,51.969174935371235
1489,60.87990436502053
1490,67.72047719372941
1491,51.381604390098865
1492,51.546703786800045
1493,50.99022456398029
1494,50.366447328605446
1495,56.848891512435586
1496,59.05260111976083
1497,60.95041291919872
1498,61.65680710729279
1499,61.69273770400043
1500,63.49769474393142
1501,50.84822206602822
1502,50.87202990041637
1503,43.91338920845731
1504,45.28731359446408
1505,49.09375641558177
1506,50.096925749357624
1507,49.67981873430839
1508,49.67981873430839
1509,49.67981873430839
1510,50.5887125523503
1511,50.492506560907835
1512,50.74449271554673
1513,51.351306068345245
1514,50.868428109547196
1515,50.868428109547196
1516,50.60350813437602
1517,50.19121438077988
1518,50.73719469254115
1519,50.945295680539175
1520,50.945295680539175
1521,51.591102834091295
1522,50.945295680539175
1523,50.945295680539175
1524,50.45232331619692
1525,54.238396317875925
1526,52.98301078501932
1527,52.036135286550305
1528,53.16574785027001
1529,48.08573627113509
1530,53.27145426012035
1531,53.259207140321436
1532,53.343166011964996
1533,53.467308128319466
1534,53.467308128319466
1535,61.13827467039174
1536,54.04770618609811
1537,53.53315628067835
1538,55.242029841351446
1539,53.7433769115909
1540,55.38944972603594
1541,55.33076378589079
1542,57.50246650294502
1543,57.05629499423151
1544,56.92736701250121
1545,56.03310358716291
1546,56.60311564987166
1547,55.57741315391188
1548,55.834825559441725
1549,58.00541726588866
1550,60.20769039877674
1551,58.05590233231428
1552,58.99050018346866
1553,52.99418098501583
1554,48.345930734792034
1555,52.68360271351737
1556,58.808337373340514
1557,53.300623803091035
1558,57.904174166772755
1559,58.48917884594995
1560,61.81134899131347
1561,48.88795736463155
1562,50.96589322547554
1563,64.31550331456167
1564,52.51508468600412
1565,51.953611450320004
1566,54.845754559761076
1567,55.59459501600012
1568,57.14477005896043
1569,63.24974044455944
1570,60.97421062860368
1571,59.459364043813764
1572,61.60486716917237
1573,76.93178190103934
1574,76.93178190103934
1575,122.23550622743367
1576,122.23550622743367
1577,104.56636347142918
1578,107.65129037619292
1579,110.91735563514872
1580,111.68443141321178
1581,110.52735461529076
1582,111.67184530942743
1583,106.89847603835383
1584,107.3199338688173
1585,102.35157124495547
1586,102.35157124495547
1587,124.08502353661476
1588,109.72472027613829
1589,98.87702861802562
1590,107.20456103651054
1591,113.17985154691328
1592,107.08574247972552
1593,129.1408618809177
1594,127.11960046289742
1595,127.11960046289742
1596,114.85621118272628
1597,120.56174400740088
1598,120.53494220245848
1599,115.82366355419121
1600,113.65828355524538
1601,112.55190317248625
1602,117.9698553746123
1603,113.15765957126902
1604,113.15765957126902
1605,108.38072704798545
1606,113.0593743516791
1607,107.33866657944841
1608,107.26627456243553
1609,104.67148631498704
1610,102.76500650943008
1611,106.61940080240342
1612,111.93354970819428
1613,111.70724277834289
1614,111.70724277834289
1615,111.200891136625
1616,91.49863508677537
1617,85.3540009392883
1618,86.264916856101
1619,93.09144765389826
1620,98.9281942694654
1621,116.58791870240648
1622,101.67385491433171
1623,102.07538729094503
1624,117.8336635038137
1625,116.49218187636427
1626,103.96534621990497
1627,101.06008409247016
1628,96.71570580832903
1629,104.86444940861757
1630,102.31394662469792
1631,102.31394662469792
1632,105.74416380222267
1633,106.04603217088702
1634,101.6981814824558
1635,105.4094512815062
1636,109.48868702628391
1637,110.18849274264988
1638,122.37144244029486
1639,106.57385862651948
1640,106.57385862651948
1641,102.33567924641409
1642,87.66663858591697
1643,104.1578927588524
1644,102.92594591556175
1645,103.22057050328442
1646,135.40238730899506
1647,112.46194074276296
1648,116.74188856561423
1649,132.73701189926481
1650,132.64038750487356
1651,131.36963031503723
1652,129.82615088992463
1653,118.77213755961208
1654,103.01960694396932
1655,103.75424699864296
1656,106.55413761527859
1657,102.72657342737044
1658,110.0527753744692
1659,112.88023649729767
1660,113.64987486894854
1661,109.72095899397202
1662,124.8570000020337
1663,127.10976383866694
1664,109.82632481684557
1665,104.06792124827774
1666,104.06792124827774
1667,104.06792124827774
1668,104.06792124827774
1669,104.06792124827774
1670,104.0493015137909
1671,104.0493015137909
1672,104.0493015137909
1673,104.0493015137909
1674,104.0493015137909
1675,104.0493015137909
1676,104.0493015137909
1677,91.64148919946604
1678,91.27670521752746
1679,92.11412440993567
1680,88.67786241853588
1681,87.10962248856619
1682,92.7181925453715
1683,77.64446243111183
1684,82.70493203930258
1685,81.80410874609267
1686,99.09862782081439
1687,100.01143646446246
1688,91.2796107430725
1689,91.2796107430725
1690,91.90371616849805
1691,88.71194241506157
1692,95.4262348969777
1693,109.9100084565238
1694,109.9100084565238
1695,101.78248632298332
1696,97.68724550546922
1697,97.15391103098497
1698,94.19754894041348
1699,88.17849372714825
1700,86.25544580167981
1701,86.25544580167981
1702,85.4336430746249
1703,86.34288405183896
1704,86.34288405183896
1705,86.34288405183896
1706,93.77939680087009
1707,112.20679476605314
1708,113.33940252896026
1709,110.74055972996868
1710,111.30372469879549
1711,111.3724980648876
1712,112.67735515749088
1713,119.98638970572793
1714,119.98638970572793
1715,118.12484983166253
1716,106.05966017859534
1717,98.36308712318232
1718,98.36308712318232
1719,100.25923237918629
1720,94.86364008865667
1721,95.85915351983792
1722,90.89501033834686
1723,102.13443267948105
1724,105.1644523172991
1725,99.47958828042741
1726,102.45101082309998
1727,102.45101082309998
1728,99.92428563759387
1729,98.60476673745167
1730,98.60476673745167
1731,101.32164368473656
1732,102.26660797594651
1733,102.26660797594651
1734,102.46334321148393
1735,102.46334321148393
1736,102.46334321148393
1737,104.63369793858244
1738,102.46334321148393
1739,95.86677258661284
1740,95.73479834022314
1741,111.63953933067417
1742,111.63953933067417
1743,112.28776079212821
1744,124.56936587020256
1745,123.53353260365449
1746,108.13725545007772
1747,102.20333569531279
1748,112.51930833482211
1749,92.2164795767258
1750,91.03181565828508
1751,89.73265092288223
1752,89.73265092288223
1753,107.61490945111724
1754,115.59060911469261
1755,102.79624082989616
1756,101.43690888400438
1757,91.35878288383115
1758,97.79039119742917
1759,97.79039119742917
1760,47.270320916273285
1761,47.23368121392504
1762,46.86245642091056
1763,46.694914105821674
1764,39.00993229220526
1765,45.565956589976395
1766,45.565956589976395
1767,45.62006638150669
1768,46.33377758984375
1769,40.961301311162785
1770,33.132682439697625
1771,38.17593681655231
1772,38.17593681655231
1773,58.2930967497755
1774,56.62699429054382
1775,58.32778773951847
1776,59.12194875383193
1777,58.798542048676644
1778,56.037884429840865
1779,57.63807014975924
1780,58.38731682508079
1781,57.17940276495032
1782,55.772439679632186
1783,57.59168473509713
1784,55.95912528096319
1785,55.95912528096319
1786,55.50626245599911
1787,55.954180181669486
1788,55.8380431775347
1789,55.8380431775347
1790,55.63685292305277
1791,53.4436290278347
1792,43.355254984914836
1793,46.69406779253652
1794,48.197525970399006
1795,47.21906272859734
1796,48.24693669473439
1797,47.52432577390415
1798,51.64072875664539
1799,49.847033666405224
1800,53.167171250582015
1801,52.266503078811205
1802,52.266503078811205
1803,49.8347988982445
1804,51.210408873231835
1805,54.725518826106544
1806,54.923864979397415
1807,53.87050062602803
1808,45.01036210751078
1809,46.083389461583494
1810,48.56174508824574
1811,48.56174508824574
1812,50.253948844913744
1813,50.111025289584866
1814,50.04685933078117
1815,48.65246561998892
1816,50.820230874467725
1817,57.25566487335487
1818,55.431405903447676
1819,56.76861288116496
1820,58.88081071096072
1821,57.661768728926575
1822,54.7391599181081
1823,51.81906928536028
1824,54.04010098113183
1825,51.66209441579036
1826,51.476308912563894
1827,51.33218465775926
1828,51.370352677214164
1829,52.496740575586166
1830,51.705654463473635
1831,51.22237898501157
1832,46.25610851572097
1833,47.6721906061641
1834,44.08996889383497
1835,44.08996889383497
1836,44.204439671036106
1837,44.59137486539743
1838,44.08996889383497
1839,44.758917180486314
1840,45.67986826783792
1841,45.03881301702289
1842,48.461212279669
1843,48.2549818480188
1844,45.94989223596531
1845,44.149597467901735
1846,43.62402282163539
1847,44.5807595199968
1848,46.40975832685361
1849,45.41754821622903
1850,44.79916149425892
1851,50.50603849893217
1852,42.21010547155371
1853,46.37952049214715
1854,44.15465911742122
1855,49.665174384077744
1856,38.807134973120654
1857,50.89136106801916
1858,47.254104920662755
1859,46.58344361117058
1860,43.93919611296792
1861,44.58150010426249
1862,44.41293152050955
1863,44.41293152050955
1864,45.543152461600755
1865,45.70844753432139
1866,44.91433749207201
1867,44.91433749207201
1868,44.91536376073606
1869,46.08890659014303
1870,47.874484392629824
1871,47.994288187005374
1872,48.14157526719976
1873,49.49795856915668
1874,47.33792563580989
1875,47.33792563580989
1876,47.749013243258204
1877,48.137485309693126
1878,54.50002798558131
1879,53.54994382971223
1880,52.29625964636187
1881,41.033228121236576
1882,46.09440772750196
1883,54.64771467647657
1884,55.671543359151784
1885,46.45815821622146
1886,54.60840498385943
1887,54.820710220634034
1888,57.0045117117189
1889,55.50873907180206
1890,55.32211619219649
1891,55.56679208282483
1892,56.040527490366465
1893,56.03784620816075
1894,56.89403341833431
1895,58.01145392441853
1896,58.37321682700358
1897,47.422229075627165
1898,47.24770378834077
1899,47.15651799406941
1900,40.27343643581349
1901,47.946827894194165
1902,49.57244009164449
1903,58.135216527959045
1904,41.207247898997
1905,43.08024221537805
1906,39.83284201927604
1907,36.71853116647302
1908,40.21562025893845
1909,43.858467808040885
1910,46.075806564367525
1911,45.68067142018477
1912,50.69077290415797
1913,44.162322266419395
1914,44.561013619554636
1915,43.67614761626157
1916,51.27236332365565
1917,50.04872727589124
1918,51.08318438477918
1919,56.14963211284324
1920,59.08874262927506
1921,49.12893529044613
1922,43.39776935657134
1923,49.94978872238509
1924,48.666582046899386
1925,48.76306264675763
1926,59.15624199436563
1927,59.15624199436563
1928,64.51370016919176
1929,64.51370016919176
1930,60.010271151094585
1931,58.91379000412331
1932,61.34768787432368
1933,60.30761778453692
1934,58.27262109642262
1935,58.448091287896496
1936,58.31450889571927
1937,55.58666701594448
1938,56.214111089769645
1939,56.214111089769645
1940,55.00528411704161
1941,55.4017131624151
1942,52.77763800023945
1943,69.9204418648387
1944,69.49060316644353
1945,68.86465914691169
1946,70.33522231860991
1947,68.24823903231866
1948,68.24823903231866
1949,68.85343819911806
1950,66.19078902229147
1951,56.07928771134915
1952,56.52587614013584
1953,57.994394911035684
1954,61.05364482828284
1955,55.632775342243704
1956,54.8856803581176
1957,53.899876897094565
1958,51.99201388532381
1959,52.121705887785964
1960,50.62080801902817
1961,57.454559667419176
1962,47.48093148868813
1963,41.53708509802368
1964,44.59480276103779
1965,42.511403226425585
1966,48.51205307170348
1967,48.95514597204731
1968,50.337021236996016
1969,54.215323955336885
1970,53.38492762457412
1971,51.78741265579036
1972,54.18202348125577
1973,63.196345913223915
1974,61.91024930484459
1975,61.353053293001835
1976,61.916060257836435
1977,61.3420489648277
1978,57.09129900148602
1979,46.6257551540067
1980,47.59940433615859
1981,49.549536686070965
1982,51.61949031679799
1983,51.61949031679799
1984,55.953158666058044
1985,57.53120372710331
1986,56.381112445439804
1987,58.439775796859
1988,56.783630602318226
1989,56.27606501233462
1990,48.20454367967668
1991,61.247895079432205
1992,61.247895079432205
1993,52.0002799058384
1994,47.12692671581973
1995,49.938476903358115
1996,53.14379149451432
1997,53.43218838545163
1998,63.956828926352
1999,59.45930287655184
2000,63.84082489533401
2001,64.02801683680325
2002,65.26947829265895
2003,64.65030212941666
2004,69.20548334008512
2005,68.84136258495931
2006,65.61416196109994
2007,61.85542421157163
2008,54.339832396886166
2009,40.3713106322126
2010,37.7363737526534
2011,37.29398655711969
2012,41.301996712091274
2013,40.78361910703916
2014,44.84888592260624
2015,42.817285981522176
2016,54.44615690224309
2017,54.23281222758598
2018,58.143436727520644
2019,58.143436727520644
2020,58.143436727520644
2021,58.143436727520644
2022,58.143436727520644
2023,58.143436727520644
2024,58.143436727520644
2025,58.143436727520644
2026,58.143436727520644
2027,58.143436727520644
2028,58.143436727520644
2029,44.065366304832025
2030,44.065366304832025
2031,38.808916394237386
2032,42.790328542315315
2033,44.884100689402544
2034,49.062555298569734
2035,43.24659986377605
2036,45.316046815985814
2037,44.279552941434616
2038,40.21101905186357
2039,41.859062757286395
2040,40.87443619180189
2041,42.755619397325745
2042,43.49826964075805
2043,47.12393613162992
2044,46.90299580511371
2045,46.90299580511371
2046,43.54630884933422
2047,48.66827903487745
2048,52.32722763246977
2049,47.56212042954392
2050,48.21564819968485
2051,48.21564819968485
2052,48.21564819968485
2053,48.309844585341494
2054,46.09732961250059
2055,49.055533692453736
2056,49.16082436224353
2057,50.376252509582585
2058,49.12208893245047
2059,44.60566991560027
2060,47.39687172055065
2061,44.07239088664891
2062,46.43981923521991
2063,46.425743694784074
2064,49.603543142908975
2065,45.778679830375644
2066,38.66289359809153
2067,44.08788226236818
2068,44.08788226236818
2069,42.64944371798855
2070,56.52576652416346
2071,58.11016390432662
2072,58.57161946706977
2073,59.22117241576405
2074,64.8914198730994
2075,61.9876663893523
2076,62.78649268269541
2077,62.78649268269541
2078,62.78649268269541
2079,62.98738218275364
2080,62.98738218275364
2081,57.665321535723294
2082,52.904789541612885
2083,52.904789541612885
2084,57.66401623683885
2085,56.628788865394455
2086,56.628788865394455
2087,55.9221969885591
2088,55.109093930437794
2089,51.569903951327014
2090,51.018275667883266
2091,48.50573879753072
2092,48.50573879753072
2093,43.24892534073399
2094,41.11715078617489
2095,37.70404816633752
2096,37.52863164743061
2097,39.59583567045588
2098,49.95480617869591
2099,54.432141714442544
2100,51.71377258996916
2101,49.940907838379445
2102,49.940907838379445
2103,56.90863430028769
2104,54.58612905066175
2105,51.72513576165912
2106,51.72513576165912
2107,55.31583961314794
2108,49.323912627422764
2109,51.290973478187496
2110,51.290973478187496
2111,78.85933104190562
2112,78.45521950512601
2113,76.54349397016317
2114,76.4627310638882
2115,74.85857851710672
2116,76.61827506299863
2117,76.61827506299863
2118,77.46966988514494
2119,77.87853370478126
2120,79.74052560273766
2121,74.0330236857119
2122,77.48180757157566
2123,77.48180757157566
2124,73.89399711201852
2125,74.06958690316726
2126,75.02170066369148
2127,75.02170066369148
2128,75.02170066369148
2129,74.01051326752987
2130,74.01051326752987
2131,74.01051326752987
2132,73.04400296908538
2133,73.08568808309913
2134,75.09967290959385
2135,75.09967290959385
2136,76.14890719832648
2137,76.5962678468052
2138,76.5962678468052
2139,76.5962678468052
2140,76.64334107994102
2141,76.64334107994102
2142,76.64334107994102
2143,80.5675998983158
2144,85.79303599356672
2145,81.40670214392819
2146,82.13893923382568
2147,83.9295803269656
2148,84.19815530315168
2149,88.38477255704869
2150,84.26097793818306
2151,84.13386408725991
2152,83.80246647604245
2153,83.80246647604245
2154,74.39759904188875
2155,74.72899665310621
2156,87.52703486305664
2157,93.68777745704001
2158,88.67751450244836
2159,85.02490340198865
2160,85.97278229662291
2161,85.02490340198865
2162,85.02490340198865
2163,88.43600411701999
2164,88.16403698512947
2165,87.18205470312252
2166,100.43885275058256
2167,113.29846862308796
2168,103.20848364860461
2169,104.11055715850488
2170,109.04287928095432
2171,112.39230192058017
2172,103.30613542886736
2173,95.92017848033174
2174,91.12430787988892
2175,88.31001352627058
2176,88.31001352627058
2177,77.99150183623355
2178,78.18767117491682
2179,78.61471055313459
2180,78.18767117491682
2181,77.97723434957358
2182,77.97723434957358
2183,69.1590223431425
2184,69.49296725445203
2185,71.77070133331767
2186,70.03572832063576
2187,69.09900728839814
2188,68.4916497499638
2189,70.12115705754516
2190,70.12115705754516
2191,77.88565882910451
2192,78.75558895164768
2193,85.18087890515847
2194,106.17951743182412
2195,74.91251346171168
2196,77.54104158909172
2197,69.8651371393987
2198,69.32888715951484
2199,69.48295559358186
2200,70.75191293109633
2201,70.75191293109633
2202,70.75191293109633
2203,69.18232143954046
2204,70.30037766766257
2205,68.74107829609443
2206,78.02255918593163
2207,73.98160920781345
2208,72.42974209319743
2209,71.76529164755804
2210,73.1045989236901
2211,70.0113924744781
2212,70.0113924744781
2213,70.88214134707246
2214,70.79324134599105
2215,72.61711435975438
2216,72.52821435867297
2217,70.53002087718149
2218,70.0113924744781
2219,70.0113924744781
2220,70.5440019699361
2221,70.88214134707246
2222,70.88214134707246
2223,70.0113924744781
2224,70.0113924744781
2225,71.7276527228229
2226,71.7276527228229
2227,71.64935136399662
2228,73.82338896048552
2229,72.3418241370756
2230,74.15125349556412
2231,81.33824382837335
2232,77.13048400567209
2233,73.04136680520753
2234,89.20811538128349
2235,91.47934088895566
2236,86.7475776554581
2237,86.7886389174048
2238,86.7886389174048
2239,86.7886389174048
2240,87.81008470808032
2241,86.7886389174048
2242,87.54702863955988
2243,85.43564380595647
2244,85.42921782323536
2245,85.09527291192583
2246,84.75713353478947
2247,84.75713353478947
2248,86.56699560529796
2249,84.1174713945582
2250,84.45561077169455
2251,94.83553557633961
2252,92.41954979261274
2253,80.84526850425704
2254,74.58139908582403
2255,69.35005120212772
2256,75.2628958160075
2257,70.33332691339861
2258,61.736872629986934
2259,66.62283015066181
2260,81.682226718944
2261,75.64961260940096
2262,77.31252661299582
2263,85.32982714257899
2264,76.79032117171997
2265,67.7233189814131
2266,63.86202564027345
2267,81.55401010089156
2268,76.78033486958387
2269,81.07349162137771
2270,80.48571394661127
2271,75.97612415623013
2272,69.44157851954532
2273,73.2725399125069
2274,70.93657200244498
2275,70.6263144619704
2276,81.7698983623025
2277,76.0449722382677
2278,76.0449722382677
2279,132.8833078941395
2280,132.8833078941395
2281,118.53790738791027
2282,112.11771751119016
2283,116.33276681304923
2284,113.52051243914372
2285,110.24908050561845
2286,107.65855245678516
2287,105.84125268859077
2288,106.5146883992959
2289,108.33819085119633
2290,108.33819085119633
2291,114.1595217407308
2292,110.00566019166992
2293,99.0590890924075
2294,116.07687827934492
2295,105.22743299689017
2296,120.43246171494778
2297,138.64574039330813
2298,146.32592951798225
2299,146.32592951798225
2300,99.67642777588982
2301,118.001596011577
2302,112.6828974333051
2303,117.4691461105744
2304,111.86667407492574
2305,106.40627139999158
2306,119.04531671577178
2307,109.76228994661527
2308,110.27792274577794
2309,105.82285920434109
2310,111.47193034134189
2311,99.19758672548548
2312,103.49658221233449
2313,109.06937353506684
2314,104.67575520040553
2315,106.55350072319307
2316,109.3422903094838
2317,97.99293093097924
2318,97.99293093097924
2319,105.79581697136105
2320,88.54794220733412
2321,88.72760974117982
2322,97.74513235015006
2323,100.43207121552814
2324,110.55568805483445
2325,147.3952529110704
2326,105.00495548015832
2327,104.29709096384906
2328,115.96477416494787
2329,117.50522472073453
2330,108.48096044693611
2331,100.87333513616343
2332,107.0372618887679
2333,107.36864650897512
2334,104.30693775356244
2335,104.30693775356244
2336,113.2839433286711
2337,107.35412441503284
2338,99.74907539655639
2339,102.15976264885343
2340,112.93414004749876
2341,107.78196472756535
2342,108.26938278967033
2343,113.63992387273832
2344,113.63992387273832
2345,101.07607056216364
2346,94.62262621742167
2347,99.87523097946725
2348,88.651545832045
2349,94.74707589341625
2350,147.13484752586461
2351,119.16980957285112
2352,125.54082022758494
2353,119.86289946987723
2354,118.6874040087147
2355,123.74969216584778
2356,117.32565422228961
2357,114.78270053285809
2358,121.2304865983744
2359,118.17419591709768
2360,109.88880102849396
2361,109.69231990904433
2362,110.90706776468375
2363,111.69144763709565
2364,112.57760234875335
2365,106.12063130849964
2366,114.09406985410783
2367,112.08564952930475
2368,104.93279887689056
2369,95.74266732629965
2370,95.74266732629965
2371,95.74266732629965
2372,95.74266732629965
2373,95.74266732629965
2374,95.74266732629965
2375,95.74266732629965
2376,95.74266732629965
2377,95.74266732629965
2378,95.74266732629965
2379,95.74266732629965
2380,97.22729982096847
2381,95.80918549904693
2382,99.95569330681076
2383,99.95569330681076
2384,94.03858055698228
2385,94.37195054576634
2386,90.53982111313358
2387,101.47128439863414
2388,101.35063267503271
2389,96.21469977585406
2390,92.04602725903712
2391,97.73889915163363
2392,94.85708489510385
2393,99.87941478408311
2394,99.87941478408311
2395,91.30335008118185
2396,98.80853885713894
2397,106.22914941627357
2398,106.22914941627357
2399,98.83099229848378
2400,96.0314970929304
2401,107.08001507336645
2402,90.94931431781728
2403,94.25020741051682
2404,99.42372296892019
2405,89.393461104934
2406,92.3137405684863
2407,92.00944729097873
2408,90.90270837645778
2409,99.17759227675079
2410,105.1057640695436
2411,98.5695962871573
2412,105.47113845239106
2413,105.35365352700946
2414,112.06054670608192
2415,115.17784543502704
2416,109.37683606239978
2417,109.37683606239978
2418,111.39096963961957
2419,99.48546454902528
2420,106.76836224851655
2421,106.76836224851655
2422,104.01522272967185
2423,83.73042566570555
2424,97.29568948943485
2425,101.52716199935047
2426,89.43577968146322
2427,113.49970275098823
2428,102.28978031926007
2429,112.32461888874518
2430,112.32461888874518
2431,112.46424110281629
2432,105.94632442834272
2433,109.39646877900827
2434,107.88743549977674
2435,107.88743549977674
2436,105.08935703451009
2437,104.25044853217865
2438,104.25044853217865
2439,100.93795015459865
2440,102.15835737806971
2441,100.72811868355973
2442,107.17289458835945
2443,116.84222296067215
2444,110.24028711562926
2445,108.78245072709831
2446,109.34347102205815
2447,98.30875333436802
2448,93.6412187916538
2449,90.34519444767099
2450,74.51217826026468
2451,81.23184324872219
2452,80.94823553032477
2453,80.94823553032477
2454,103.89093367163022
2455,115.65858034708168
2456,111.84746731636741
2457,113.34685935869541
2458,93.87343915292604
2459,92.04560797933397
2460,92.04560797933397
2461,69.1713496227487
2462,69.1713496227487
2463,69.1713496227487
2464,69.1713496227487
2465,69.1713496227487
2466,69.1713496227487
2467,69.1713496227487
2468,69.1713496227487
2469,69.1713496227487
2470,69.1713496227487
2471,69.1713496227487
2472,69.1713496227487
2473,69.1713496227487
2474,69.1713496227487
2475,69.1713496227487
2476,69.1713496227487
2477,69.1713496227487
2478,69.1713496227487
2479,69.1713496227487
2480,69.1713496227487
2481,69.1713496227487
2482,69.1713496227487
2483,69.1713496227487
2484,69.1713496227487
2485,69.1713496227487
2486,69.1713496227487
2487,69.1713496227487
2488,69.1713496227487
2489,69.1713496227487
2490,69.1713496227487
2491,69.1713496227487
2492,69.1713496227487
2493,69.1713496227487
2494,69.1713496227487
2495,69.1713496227487
2496,69.1713496227487
2497,69.1713496227487
2498,69.1713496227487
2499,69.1713496227487
2500,69.1713496227487
2501,69.1713496227487
2502,69.1713496227487
2503,69.1713496227487
2504,69.1713496227487
2505,69.1713496227487
2506,69.1713496227487
2507,69.1713496227487
2508,69.1713496227487
2509,69.1713496227487
2510,69.1713496227487
2511,69.1713496227487
2512,69.1713496227487
2513,69.1713496227487
2514,69.1713496227487
2515,69.1713496227487
2516,69.1713496227487
2517,69.1713496227487
2518,69.1713496227487
2519,69.1713496227487
2520,69.1713496227487
2521,69.1713496227487
2522,69.1713496227487
2523,69.1713496227487
2524,69.1713496227487
2525,69.1713496227487
2526,69.1713496227487
2527,69.1713496227487
2528,69.1713496227487
2529,69.1713496227487
2530,69.1713496227487
2531,69.1713496227487
2532,69.1713496227487
2533,69.1713496227487
2534,69.1713496227487
2535,69.1713496227487
2536,69.1713496227487
2537,69.1713496227487
2538,69.1713496227487
2539,69.1713496227487
2540,69.1713496227487
2541,69.1713496227487
2542,69.1713496227487
2543,69.1713496227487
2544,69.1713496227487
2545,69.1713496227487
2546,69.1713496227487
2547,69.1713496227487
2548,69.1713496227487
2549,69.1713496227487
2550,69.1713496227487
2551,69.1713496227487
2552,69.1713496227487
2553,69.1713496227487
2554,69.1713496227487
2555,69.1713496227487
2556,69.1713496227487
2557,69.1713496227487
2558,69.1713496227487
2559,69.1713496227487
2560,69.1713496227487
2561,69.1713496227487
2562,69.1713496227487
2563,69.1713496227487
2564,69.1713496227487
2565,69.1713496227487
2566,69.1713496227487
2567,69.1713496227487
2568,69.1713496227487
2569,69.1713496227487
2570,69.1713496227487
2571,69.1713496227487
2572,69.1713496227487
2573,69.1713496227487
2574,69.1713496227487
2575,69.1713496227487
2576,69.1713496227487
2577,69.1713496227487
2578,69.1713496227487
2579,69.1713496227487
2580,69.1713496227487
2581,69.1713496227487
2582,69.1713496227487
2583,69.1713496227487
2584,69.1713496227487
2585,69.1713496227487
2586,69.1713496227487
2587,69.1713496227487
2588,69.1713496227487
2589,69.1713496227487
2590,69.1713496227487
2591,69.1713496227487
2592,69.1713496227487
2593,69.1713496227487
2594,69.1713496227487
2595,69.1713496227487
2596,69.1713496227487
2597,69.1713496227487
2598,69.1713496227487
2599,69.1713496227487
2600,69.1713496227487
2601,69.1713496227487
2602,69.1713496227487
2603,69.1713496227487
2604,69.1713496227487
2605,69.1713496227487
2606,69.1713496227487
2607,69.1713496227487
2608,69.1713496227487
2609,69.1713496227487
2610,69.1713496227487
2611,69.1713496227487
2612,69.1713496227487
2613,69.1713496227487
2614,69.1713496227487
2615,69.1713496227487
2616,69.1713496227487
2617,69.1713496227487
2618,69.1713496227487
2619,69.1713496227487
2620,69.1713496227487
2621,69.1713496227487
2622,69.1713496227487
2623,69.1713496227487
2624,69.1713496227487
2625,69.1713496227487
2626,69.1713496227487
2627,69.1713496227487
2628,69.1713496227487
2629,104.31459285026675
2630,104.31459285026675
2631,92.12251629789819
2632,109.70643798479914
2633,106.99003255640547
2634,109.18699696617433
2635,110.41798403614968
2636,99.79902912463118
2637,110.75385410918868
2638,120.09608666555977
2639,124.46670279376893
2640,124.46670279376893
2641,94.97456745108818
2642,98.7410329911661
2643,92.78608672150716
2644,79.91868128804231
2645,85.05122225628949
2646,110.8266577713375
2647,183.34068269143353
2648,133.92323151580504
2649,133.92323151580504
2650,88.68492547750675
2651,112.1820678367285
2652,99.38033586652317
2653,100.33893787912294
2654,98.21663431733944
2655,75.14625763226448
2656,75.02891910345237
2657,78.77595485839646
2658,93.7430558275974
2659,96.64813531094005
2660,94.92009192797363
2661,96.33199809580336
2662,87.29609901702575
2663,98.64181270341439
2664,119.43113136537464
2665,119.92543294390138
2666,99.07715642982392
2667,98.85051577469474
2668,98.85051577469474
2669,85.31010448802058
2670,79.33632782644904
2671,79.32804682989104
2672,80.82186596294247
2673,81.0544964139467
2674,91.54331657551035
2675,93.41575049006683
2676,96.44292053109177
2677,87.79993988703544
2678,91.40181912541723
2679,90.57632545188766
2680,83.23437337543174
2681,82.36732725370223
2682,77.10487617833498
2683,74.123605922651
2684,95.48137634496373
2685,95.48137634496373
2686,94.36863932169801
2687,96.26715317074242
2688,97.13926836964247
2689,97.26912530421323
2690,97.93441448379987
2691,102.24291892161197
2692,97.93307875901267
2693,99.0998403157126
2694,99.0998403157126
2695,96.81667841421627
2696,92.6340594090746
2697,88.16606955600241
2698,106.21968921757187
2699,83.85194358150153
2700,90.34126834039067
2701,116.39158847027555
2702,140.75023819856992
2703,96.2549130793171
2704,145.4975290777877
2705,148.20562670300336
2706,107.02260395435053
2707,90.14798231328305
2708,88.51052889111452
2709,84.72791907406186
2710,80.9936999023604
2711,81.87709519646073
2712,98.2578030817319
2713,97.52034520056817
2714,98.2578030817319
2715,96.70165070760666
2716,99.11018245919308
2717,112.53407629584252
2718,93.48456990353078
2719,82.62906562918145
2720,82.62906562918145
2721,82.62906562918145
2722,82.62906562918145
2723,82.62906562918145
2724,82.62906562918145
2725,82.62906562918145
2726,82.62906562918145
2727,82.62906562918145
2728,82.62906562918145
2729,82.62906562918145
2730,82.62906562918145
2731,81.13502968938295
2732,81.13502968938295
2733,81.12945743016392
2734,81.12945743016392
2735,77.05728795402278
2736,77.05728795402278
2737,90.95572192784878
2738,89.98217266909957
2739,89.98217266909957
2740,93.28463513699484
2741,93.28463513699484
2742,103.22485421302613
2743,111.53789752574592
2744,111.81688925195387
2745,111.81688925195387
2746,95.04710359487892
2747,92.56226021666895
2748,84.81409649163857
2749,84.81409649163857
2750,73.86987923264336
2751,84.72799011008239
2752,94.25825856093395
2753,96.48772238864657
2754,94.27126873279018
2755,93.59447844357584
2756,93.59447844357584
2757,93.59447844357584
2758,93.84248148929314
2759,93.84248148929314
2760,93.48128371986842
2761,93.92500555897533
2762,93.8632970003044
2763,94.49020506716667
2764,98.00432965679674
2765,92.91332400372009
2766,97.06542454677833
2767,110.23338392866876
2768,119.57475539326335
2769,117.95043214878042
2770,117.95043214878042
2771,97.76703854207236
2772,99.98349219792875
2773,99.98349219792875
2774,97.26934295145341
2775,82.80746569915435
2776,82.99791546433401
2777,77.128302147131
2778,76.78645908289592
2779,100.09623279835151
2780,95.91621544854041
2781,101.65570513335778
2782,101.65570513335778
2783,100.86056781029785
2784,100.86143839817373
2785,100.86143839817373
2786,98.94323508289942
2787,98.94323508289942
2788,98.94323508289942
2789,100.37467329470653
2790,94.70071856574565
2791,94.70071856574565
2792,94.82017727153139
2793,94.22836359719686
2794,94.37751197216362
2795,95.12861735187856
2796,97.12449957216643
2797,97.12449957216643
2798,98.10866896588026
2799,109.21650056260708
2800,110.4871127907534
2801,109.13782160972038
2802,90.22905463847097
2803,94.8260842717546
2804,72.95256543999317
2805,73.71016698790463
2806,71.9695293723082
2807,86.01416733468264
2808,89.84691554473194
2809,90.50343857367957
2810,90.50343857367957
2811,94.66277597320897
2812,93.09143483472458
2813,86.45115513470975
2814,86.45115513470975
